WANTED_AUTH_NO,COMPANY,TITLE,JOBS_NM,SAL_TP_NM,SAL_TP_CD,SAL,SAL_AMT,REGION,REGION_CD,HOLIDAY_TP_NM,MIN_EDUBG,MIN_EDUBG_CD,MAX_EDUBG,MAX_EDUBG_CD,CAREER,CAREER_CD,EMP_TP_NM,PSN_CNT,RCPT_MTHD,WANTED_REG_DT,CLOSE_DT,INFO_SVC,WANTED_INFO_URL,ZIP_CD,STRTNM_CD,BASIC_ADDR,DETAIL_ADDR,RD_CNT,SHERE_CNT,BIZ_NO,REG_DT,REG_USR,UPD_DT,UPD_USR,DEL_YN,USE_YN,INTRST_CNT,CL_CD,JOB_CAREER_CD,JOBS_CD,JOB_AREA_CD,JOB_ACDMCR_CD,EMP_TP_CD,JOB_EMP_TP_CD,SEOUL_CAPITAL_AREA_YN
K180022606100019,물류센터 컨테이너보관 위너스물류,위너스물류 물류사무원 채용,물류 사무원(물류 관리사)(028408),월급,M,250만원 ~ 250만원,250 ~ 250,경기 용인시 처인구,41461,주5일근무,학력무관,0,null,,관계없음,Z,기간의 정함이 없는 근로계약/ 파견근로 비희망/ 대체인력채용 비희망,1,고용24,2026.6.10,채용시까지  26-08-09,VALIDATION,https://www.work24.go.kr/wk/a/b/1500/empDetailAuthView.do?wantedAuthNo=K180022606100019&infoTypeCd=VALIDATION&infoTypeGroup=tb_workinfoworknet,17118,4.15E+11,경기도 용인시 처인구 남사읍 전나무골길2번길 56-8,,0,0,6510702090,2026.6.24 4:21,SYSTEM,2026.6.24 4:21,SYSTEM,N,Y,0,28408,1,28408,4146,0,10,1,Y
KJBJ002606150004,（주）삼성보안공사,[거제동] 아파트 청소원 모집,건물 청소원(561100),월급,M,174만원 ~ 174만원,174 ~ 174,부산 연제구,26470,주6일근무,학력무관,0,null,,관계없음,Z,기간의 정함이 있는 근로계약(시간(선택)제)3 개월/ 파견근로 비희망/ 대체인력채용 비희망,1,"방문,기타(* 담당자와 통화 후 면접시간, 장소 안내 받으시길 바랍니다.* 담당자: 사상구청 일자리센터 051-310-5195)",2026.6.15,채용시까지  26-08-14,VALIDATION,https://www.work24.go.kr/wk/a/b/1500/empDetailAuthView.do?wantedAuthNo=KJBJ002606150004&infoTypeCd=VALIDATION&infoTypeGroup=tb_workinfoworknet,47507,2.65E+11,부산광역시 연제구 법원북로 93,.,0,0,6048137079,2026.6.24 3:55,SYSTEM,2026.6.24 3:55,SYSTEM,N,Y,0,561100,1,561100,1000,0,21,2,N
K140132606150034,유한회사농업회사법인삼미식품,파우더 생산 정규직 채용,기타 제조 관련 단순 종사원(890000),월급,M,240만원,240,경북 경산시,47290,주5일근무,학력무관,0,null,,신입,N,기간의 정함이 없는 근로계약/ 파견근로 비희망/ 대체인력채용 비희망,1,고용24,2026.6.15,채용시까지  26-08-14,VALIDATION,https://www.work24.go.kr/wk/a/b/1500/empDetailAuthView.do?wantedAuthNo=K140132606150034&infoTypeCd=VALIDATION&infoTypeGroup=tb_workinfoworknet,38551,4.73E+11,경상북도 경산시 자인면 자인공단2로4길 8,.,0,0,5948701131,2026.6.24 3:49,SYSTEM,2026.6.24 3:49,SYSTEM,N,Y,0,890000,2,890000,1000,0,10,1,N
K180032606160075,창성테크,머시닝센터(MCT) 직원 모집,머시닝센터(MCT) 조작원(813210),연봉,Y,3000만원 ~ 5500만원,3000 ~ 5500,경기도 화성시 효행구,41593,주5일근무,학력무관,0,null,,경력,E,기간의 정함이 없는 근로계약/ 파견근로 비희망/ 대체인력채용 비희망,2,"방문,팩스,고용24,이메일",2026.6.16,채용시까지  26-08-15,VALIDATION,https://www.work24.go.kr/wk/a/b/1500/empDetailAuthView.do?wantedAuthNo=K180032606160075&infoTypeCd=VALIDATION&infoTypeGroup=tb_workinfoworknet,18523,4.16E+11,경기도 화성시 효행구 정남면 내향로 128-48,창성테크,0,0,1353186119,2026.6.24 3:37,SYSTEM,2026.6.24 3:37,SYSTEM,N,Y,0,813210,3,813210,,0,10,1,Y
KF10422606160007,가온방문간호요양센터,요양보호사 구인,재가 요양보호사(550102),시급,H,10320원,10320,전북 익산시,52140,주5일근무,학력무관,0,null,,관계없음,Z,기간의 정함이 없는 근로계약/ 파견근로 비희망/ 대체인력채용 비희망,1,방문,2026.6.16,채용시까지  26-08-15,VALIDATION,https://www.work24.go.kr/wk/a/b/1500/empDetailAuthView.do?wantedAuthNo=KF10422606160007&infoTypeCd=VALIDATION&infoTypeGroup=tb_workinfoworknet,54570,5.21E+11,전북특별자치도 익산시 무왕로 1671,건너편 근처,0,0,4448000463,2026.6.24 3:33,SYSTEM,2026.6.24 3:33,SYSTEM,N,Y,0,550102,1,550102,,0,10,1,N
K180312606180019,한국민간교육개발원,평생교육 및 고용노동부 교육을 담당하실 행정 직원...,기타 정부 행정 사무원(025900),월급,M,220만원 ~ 220만원,220 ~ 220,경기 성남시 분당구,41135,주5일근무,학력무관,0,null,,관계없음,Z,기간의 정함이 없는 근로계약(시간(선택)제)/ 파견근로 비희망/ 대체인력채용 비희망,1,"방문,고용24,이메일",2026.6.18,채용시까지  26-08-16,VALIDATION,https://www.work24.go.kr/wk/a/b/1500/empDetailAuthView.do?wantedAuthNo=K180312606180019&infoTypeCd=VALIDATION&infoTypeGroup=tb_workinfoworknet,13637,4.11E+11,경기도 성남시 분당구 성남대로 34,"702호 (오리역 3번출구, 도보 1분)",0,0,1028261099,2026.6.24 3:13,SYSTEM,2026.6.24 3:13,SYSTEM,N,Y,0,25900,1,25900,4113,0,11,1,Y
K170052606190011,튼튼요양병원,튼튼요양병원 조리원 채용 공고,주방 보조원(일반 음식점)(532301),월급,M,276만원 ~ 280만원,276 ~ 280,대전 중구,30140,주5일근무,학력무관,0,null,,경력,E,기간의 정함이 없는 근로계약/ 파견근로 비희망/ 대체인력채용 비희망,1,고용24,2026.6.19,채용시까지  26-08-18,VALIDATION,https://www.work24.go.kr/wk/a/b/1500/empDetailAuthView.do?wantedAuthNo=K170052606190011&infoTypeCd=VALIDATION&infoTypeGroup=tb_workinfoworknet,34815,3.01E+11,대전광역시 중구 목중로 9,지하1층 영양팀,0,0,1319425959,2026.6.24 3:04,SYSTEM,2026.6.24 3:04,SYSTEM,N,Y,0,532301,3,532301,1000,0,10,1,N
Dd03932606190029,재단법인 경기도경제과학진흥원,[장애인병행채용] 경기도경제과학진흥원 휴직 대체인...,총무 및 일반 사무원(026501),연봉,Y,2950만원 ~ 2950만원,2950 ~ 2950,경기 수원시 영통구,41117,주5일근무,학력무관,0,null,,관계없음,Z,기간의 정함이 있는 근로계약12 개월/ 파견근로 비희망/ 대체인력채용 비희망,17,기타(온라인 지원 https://recruit.incruit.com/gbsa/),2026.6.19,2026.7.9,VALIDATION,https://www.work24.go.kr/wk/a/b/1500/empDetailAuthView.do?wantedAuthNo=Dd03932606190029&infoTypeCd=VALIDATION&infoTypeGroup=tb_workinfoworknet,16229,4.11E+11,경기도 수원시 영통구 광교로 107,(이의동),0,0,1248208755,2026.6.24 3:03,SYSTEM,2026.6.24 3:03,SYSTEM,N,Y,0,26501,1,26501,4111,0,20,2,Y
KJ20912606190028,한울재가복지센터,[백석동] 재가요양보호사 모집,재가 요양보호사(550102),시급,H,10320원 ~ 13200원,10320 ~ 13200,경기 고양시 일산동구,41285,주5일근무,학력무관,0,null,,관계없음,Z,기간의 정함이 없는 근로계약(시간(선택)제)/ 파견근로 비희망/ 대체인력채용 비희망,1,기타(채용담당자 (010-2712-2022) 문의 후 지원),2026.6.19,채용시까지  26-07-03,VALIDATION,https://www.work24.go.kr/wk/a/b/1500/empDetailAuthView.do?wantedAuthNo=KJ20912606190028&infoTypeCd=VALIDATION&infoTypeGroup=tb_workinfoworknet,10449,4.13E+11,경기도 고양시 일산동구 경의로 47,현대밀라트,0,0,2738002044,2026.6.24 3:00,SYSTEM,2026.6.24 3:00,SYSTEM,N,Y,0,550102,1,550102,4128,0,11,1,Y
K180012606220014,쉴만한물가노인복지센터,4등급 어르신(독거) 모셔줄 요양보호사 구인합니다...,재가 요양보호사(550102),시급,H,10320원,10320,경기 수원시 장안구,41111,주6일근무,학력무관,0,null,,관계없음,Z,기간의 정함이 없는 근로계약(시간(선택)제)/ 파견근로 비희망/ 대체인력채용 비희망,1,방문,2026.6.22,채용시까지  26-08-20,VALIDATION,https://www.work24.go.kr/wk/a/b/1500/empDetailAuthView.do?wantedAuthNo=K180012606220014&infoTypeCd=VALIDATION&infoTypeGroup=tb_workinfoworknet,16332,4.11E+11,경기도 수원시 장안구 천천로22번길 34,513동,0,0,1248039308,2026.6.24 2:57,SYSTEM,2026.6.24 2:57,SYSTEM,N,Y,0,550102,1,550102,4111,0,11,1,Y
KEC0052606220003,부모사랑노인복지센터,[다대동]재가요양보호사,재가 요양보호사(550102),시급,H,10320원,10320,부산 사하구,26380,주5일근무,학력무관,0,null,,관계없음,Z,기간의 정함이 없는 근로계약(시간(선택)제)/ 파견근로 비희망/ 대체인력채용 비희망,1,"방문,기타(전화 후 방문)",2026.6.22,채용시까지  26-07-06,VALIDATION,https://www.work24.go.kr/wk/a/b/1500/empDetailAuthView.do?wantedAuthNo=KEC0052606220003&infoTypeCd=VALIDATION&infoTypeGroup=tb_workinfoworknet,49501,2.64E+11,부산광역시 사하구 다대낙조2길 50,,0,0,1348277870,2026.6.24 2:57,SYSTEM,2026.6.24 2:57,SYSTEM,N,Y,0,550102,1,550102,1000,0,11,1,N
KJBJ002606220009,채움재가복지센터,[주례동] 요양보호사 채용,요양보호사(550100),시급,H,10320원 ~ 10320원,10320 ~ 10320,부산 사상구,26530,주5일근무,학력무관,0,null,,관계없음,Z,기간의 정함이 없는 근로계약/ 파견근로 비희망/ 대체인력채용 비희망,1,방문,2026.6.22,채용시까지  26-08-21,VALIDATION,https://www.work24.go.kr/wk/a/b/1500/empDetailAuthView.do?wantedAuthNo=KJBJ002606220009&infoTypeCd=VALIDATION&infoTypeGroup=tb_workinfoworknet,47008,2.65E+11,부산광역시 사상구 가야대로344번길 79,,0,0,7068004329,2026.6.24 2:55,SYSTEM,2026.6.24 2:55,SYSTEM,N,Y,0,550100,1,550100,1000,0,10,1,N
K130232606220023,대광E&A,단순 조립 일용직 모집 4-5개월 연속 근무가능 ...,전기·전자 부품 및 제품 조립원(836000),일급,D,100000원 ~ 100000원,100000 ~ 100000,부산 강서구,26440,주5일근무,학력무관,0,null,,관계없음,Z,기간의 정함이 있는 근로계약5 개월/ 파견근로 비희망/ 대체인력채용 비희망,1,"고용24,이메일",2026.6.22,채용시까지  26-08-18,VALIDATION,https://www.work24.go.kr/wk/a/b/1500/empDetailAuthView.do?wantedAuthNo=K130232606220023&infoTypeCd=VALIDATION&infoTypeGroup=tb_workinfoworknet,46746,2.64E+11,부산광역시 강서구 미음국제5로다길 7,,0,0,6173476846,2026.6.24 2:54,SYSTEM,2026.6.24 2:54,SYSTEM,N,Y,0,836000,1,836000,1000,0,20,2,N
KJKP002606220009,주식회사 딘포,무인정보단말기(kiosk) 생산 직원 채용,영상·음향기기 등 기타 전기·전자 기기 설치·수리원(832906),연봉,Y,2800만원 ~ 3000만원,2800 ~ 3000,경기 안산시 단원구,41273,주5일근무,학력무관,0,null,,신입,N,기간의 정함이 없는 근로계약/ 파견근로 비희망/ 대체인력채용 비희망,1,이메일,2026.6.22,채용시까지  26-08-21,VALIDATION,https://www.work24.go.kr/wk/a/b/1500/empDetailAuthView.do?wantedAuthNo=KJKP002606220009&infoTypeCd=VALIDATION&infoTypeGroup=tb_workinfoworknet,15421,4.13E+11,경기도 안산시 단원구 만해로 205,제7층 에이702호,0,0,1168197298,2026.6.24 2:52,SYSTEM,2026.6.24 2:52,SYSTEM,N,Y,0,832906,2,832906,4127,0,10,1,Y
KEC0872606220001,유원재가복지센터,[남산동]재가요양보호사,재가 요양보호사(550102),시급,H,10320원,10320,부산 금정구,26410,주5일근무,학력무관,0,null,,경력,E,기간의 정함이 없는 근로계약(시간(선택)제)/ 파견근로 비희망/ 대체인력채용 비희망,1,방문,2026.6.22,2026.7.6,VALIDATION,https://www.work24.go.kr/wk/a/b/1500/empDetailAuthView.do?wantedAuthNo=KEC0872606220001&infoTypeCd=VALIDATION&infoTypeGroup=tb_workinfoworknet,46225,2.64E+11,부산광역시 금정구 남산로37번길 52,,0,0,7148002701,2026.6.24 2:52,SYSTEM,2026.6.24 2:52,SYSTEM,N,Y,0,550102,3,550102,1000,0,11,1,N
KJBJ002606220015,가가호호방문요양센터,[강서구 에코델타 ] 재가요양보호사 모집,재가 요양보호사(550102),시급,H,10320원 ~ 13000원,10320 ~ 13000,부산 강서구,26440,주5일근무,학력무관,0,null,,관계없음,Z,기간의 정함이 없는 근로계약(시간(선택)제)/ 파견근로 비희망/ 대체인력채용 비희망,1,방문,2026.6.22,채용시까지  26-08-21,VALIDATION,https://www.work24.go.kr/wk/a/b/1500/empDetailAuthView.do?wantedAuthNo=KJBJ002606220015&infoTypeCd=VALIDATION&infoTypeGroup=tb_workinfoworknet,46716,2.64E+11,부산광역시 강서구 에코델타5로 60,..,0,0,1268030152,2026.6.24 2:51,SYSTEM,2026.6.24 2:51,SYSTEM,N,Y,0,550102,1,550102,1000,0,11,1,N
KJKY002606220008,가온재가방문요양센터,오전동 오후 남자 어르신 케어 하실분,재가 요양보호사(550102),시급,H,10320원 ~ 10320원,10320 ~ 10320,경기 의왕시,41430,주5일근무,학력무관,0,null,,관계없음,Z,기간의 정함이 있는 근로계약(시간(선택)제)12 개월/ 파견근로 비희망/ 대체인력채용 비희망,1,고용24,2026.6.22,채용시까지  26-08-21,VALIDATION,https://www.work24.go.kr/wk/a/b/1500/empDetailAuthView.do?wantedAuthNo=KJKY002606220008&infoTypeCd=VALIDATION&infoTypeGroup=tb_workinfoworknet,16057,4.14E+11,경기도 의왕시 오전로 85-4,303,0,0,8748000761,2026.6.24 2:46,SYSTEM,2026.6.24 2:46,SYSTEM,N,Y,0,550102,1,550102,4143,0,21,2,Y
KJBF002606220001,(주)듀델코리아,[초량동] 롯데캐슬 드메르 미화 팀장 모집 / 주...,거리 및 공공장소 청소원(환경 미화원)(561300),월급,M,250만원 ~ 250만원,250 ~ 250,부산 동구,26170,주6일근무,학력무관,0,null,,경력,E,기간의 정함이 있는 근로계약3 개월/ 파견근로 비희망/ 대체인력채용 비희망,1,"팩스,기타(▷이력서 접수 ☞ 팩스 : 051-745-8561 (이력서 상단에 '롯데캐슬드메르 미화 팀장"" 이라고 기재 부탁드립니다))",2026.6.22,채용시까지  26-07-06,VALIDATION,https://www.work24.go.kr/wk/a/b/1500/empDetailAuthView.do?wantedAuthNo=KJBF002606220001&infoTypeCd=VALIDATION&infoTypeGroup=tb_workinfoworknet,48751,2.62E+11,부산광역시 동구 충장대로 190,롯데캐슬 드메르,0,0,6738501269,2026.6.24 2:44,SYSTEM,2026.6.24 2:44,SYSTEM,N,Y,0,561300,3,561300,1000,0,20,2,N
K120122606230001,주식회사 하나은행,[하나은행 송파헬리오시티지점] 시급제 텔러 채용(...,출납창구 사무원(은행·농협·수협·축협)(032401),시급,H,13000원 ~ 13000원,13000 ~ 13000,서울 송파구,11710,주5일근무,학력무관,0,null,,경력,E,기간의 정함이 있는 근로계약6 개월/ 파견근로 비희망/ 대체인력채용 비희망,1,고용24,2026.6.23,2026.7.27,VALIDATION,https://www.work24.go.kr/wk/a/b/1500/empDetailAuthView.do?wantedAuthNo=K120122606230001&infoTypeCd=VALIDATION&infoTypeGroup=tb_workinfoworknet,5698,1.17E+11,서울특별시 송파구 송파대로 345,하나은행 송파헬리오시티지점,0,0,2028114695,2026.6.24 2:43,SYSTEM,2026.6.24 2:43,SYSTEM,N,Y,0,32401,3,32401,1100,0,20,2,Y
K180312606230002,주식회사비쏠시스템,"시스템 에어컨 영업 및 공무(경력),캐드",기계장비 기술영업원(612102),연봉,Y,4000만원 ~ 9000만원,4000 ~ 9000,경기 성남시 중원구,41133,주5일근무,학력무관,0,null,,경력,E,기간의 정함이 없는 근로계약/ 파견근로 비희망/ 대체인력채용 비희망,1,"고용24,이메일",2026.6.23,채용시까지  26-08-21,VALIDATION,https://www.work24.go.kr/wk/a/b/1500/empDetailAuthView.do?wantedAuthNo=K180312606230002&infoTypeCd=VALIDATION&infoTypeGroup=tb_workinfoworknet,13439,4.11E+11,경기도 성남시 중원구 성남대로997번길 51-22,,0,0,5368101375,2026.6.24 2:43,SYSTEM,2026.6.24 2:43,SYSTEM,N,Y,0,612102,3,612102,4113,0,10,1,Y
K120122606230003,주식회사 하나은행,[하나은행 태릉금융센터지점]시급제 텔러 채용(기본...,출납창구 사무원(은행·농협·수협·축협)(032401),시급,H,13000원 ~ 13000원,13000 ~ 13000,서울 중랑구,11260,주5일근무,학력무관,0,null,,경력,E,기간의 정함이 있는 근로계약6 개월/ 파견근로 비희망/ 대체인력채용 비희망,1,고용24,2026.6.23,2026.7.27,VALIDATION,https://www.work24.go.kr/wk/a/b/1500/empDetailAuthView.do?wantedAuthNo=K120122606230003&infoTypeCd=VALIDATION&infoTypeGroup=tb_workinfoworknet,2033,1.13E+11,서울특별시 중랑구 동일로 946,하나은행 태릉금융센터지점,0,0,2028114695,2026.6.24 2:43,SYSTEM,2026.6.24 2:43,SYSTEM,N,Y,0,32401,3,32401,1100,0,20,2,Y
K120122606230002,주식회사 하나은행,[하나은행 이수역지점] 시급제 텔러 채용(기본 6...,출납창구 사무원(은행·농협·수협·축협)(032401),시급,H,15000원 ~ 15000원,15000 ~ 15000,서울 동작구,11590,주5일근무,학력무관,0,null,,경력,E,기간의 정함이 있는 근로계약6 개월/ 파견근로 비희망/ 대체인력채용 비희망,1,고용24,2026.6.23,2026.7.27,VALIDATION,https://www.work24.go.kr/wk/a/b/1500/empDetailAuthView.do?wantedAuthNo=K120122606230002&infoTypeCd=VALIDATION&infoTypeGroup=tb_workinfoworknet,7008,1.16E+11,서울특별시 동작구 동작대로 109,하나은행 이수역지점,0,0,2028114695,2026.6.24 2:43,SYSTEM,2026.6.24 2:43,SYSTEM,N,Y,0,32401,3,32401,1100,0,20,2,Y
K162142606230001,(주)태화,생산직구인합니다,식품 분야 단순 종사원(890006),월급,M,220만원,220,전남 완도군,46890,주6일근무,학력무관,0,null,,관계없음,Z,기간의 정함이 없는 근로계약/ 파견근로 비희망/ 대체인력채용 비희망,2,방문,2026.6.23,채용시까지  26-08-22,VALIDATION,https://www.work24.go.kr/wk/a/b/1500/empDetailAuthView.do?wantedAuthNo=K162142606230001&infoTypeCd=VALIDATION&infoTypeGroup=tb_workinfoworknet,59108,4.69E+11,전라남도 완도군 완도읍 농공단지5길 42,,0,0,8068102327,2026.6.24 2:43,SYSTEM,2026.6.24 2:43,SYSTEM,N,Y,0,890006,1,890006,1000,0,10,1,N
K180312606230001,지앤티자산관리(주),"대치프라자 야간 사원 모집 (대치동, 3호선 대치...",주차 관리원 및 안내원(564300),월급,M,155만원 ~ 160만원,155 ~ 160,서울 강남구,11680,주6일근무,학력무관,0,null,,관계없음,Z,기간의 정함이 있는 근로계약2 개월/ 파견근로 비희망/ 대체인력채용 비희망,1,"방문,고용24,이메일",2026.6.23,채용시까지  26-08-21,VALIDATION,https://www.work24.go.kr/wk/a/b/1500/empDetailAuthView.do?wantedAuthNo=K180312606230001&infoTypeCd=VALIDATION&infoTypeGroup=tb_workinfoworknet,6280,1.17E+11,서울특별시 강남구 대치동 남부순환로 2933,대치프라자,0,0,5158702404,2026.6.24 2:43,SYSTEM,2026.6.24 2:43,SYSTEM,N,Y,0,564300,1,564300,1100,0,20,2,Y
K171112606230001,그린실버요양원,어르신들의 행복을 책임지는 따뜻한 마음을 가진 요...,요양보호사(노인요양사)(550101),월급,M,250만원 ~ 260만원,250 ~ 260,충북 청주시 상당구,43111,주5일근무,학력무관,0,null,,관계없음,Z,기간의 정함이 없는 근로계약/ 파견근로 비희망/ 대체인력채용 비희망,1,"고용24,이메일",2026.6.23,채용시까지  26-08-22,VALIDATION,https://www.work24.go.kr/wk/a/b/1500/empDetailAuthView.do?wantedAuthNo=K171112606230001&infoTypeCd=VALIDATION&infoTypeGroup=tb_workinfoworknet,28196,4.31E+11,충청북도 청주시 상당구 미원면 쌍이운교로 555-58,그린실버요양원,0,0,3178266997,2026.6.24 2:43,SYSTEM,2026.6.24 2:43,SYSTEM,N,Y,0,550101,1,550101,1000,0,10,1,N
K120232606230001,사회복지법인운가자비원,성내1동 우리동네키움센터 돌봄선생님 채용 공고,사회복지사(사회복지시설)(231101),월급,M,223만원 ~ 389만원,223 ~ 389,서울 강동구,11740,주5일근무,학력무관,0,null,,관계없음,Z,기간의 정함이 없는 근로계약/ 파견근로 비희망/ 대체인력채용 비희망,1,기타(*** 이메일 접수만 가능 (idbcenter44@naver.com)),2026.6.23,2026.7.7,VALIDATION,https://www.work24.go.kr/wk/a/b/1500/empDetailAuthView.do?wantedAuthNo=K120232606230001&infoTypeCd=VALIDATION&infoTypeGroup=tb_workinfoworknet,5400,1.17E+11,서울특별시 강동구 성내로6다길 55,109동 201호,0,0,2108205914,2026.6.24 2:43,SYSTEM,2026.6.24 2:43,SYSTEM,N,Y,0,231101,1,231101,1100,0,10,1,Y
K180212606230001,주식회사기산이앤씨,기간 통신망 설계 및 운영 모집합니다.,통신기술 개발자 및 통신망 운영 기술자(131202),연봉,Y,4500만원 ~ 4900만원,4500 ~ 4900,경기 포천시,41650,주5일근무,학력무관,0,null,,경력,E,기간의 정함이 없는 근로계약/ 파견근로 비희망/ 대체인력채용 비희망,1,"고용24,이메일",2026.6.23,채용시까지  26-08-21,VALIDATION,https://www.work24.go.kr/wk/a/b/1500/empDetailAuthView.do?wantedAuthNo=K180212606230001&infoTypeCd=VALIDATION&infoTypeGroup=tb_workinfoworknet,11185,4.17E+11,경기도 포천시 죽엽산로 419-9,,0,0,1288647952,2026.6.24 2:43,SYSTEM,2026.6.24 2:43,SYSTEM,N,Y,0,131202,3,131202,4165,0,10,1,Y
K120122606230004,주식회사티에스전산,[HP제품] 노트북 데스크탑 수리 A/S 및 유지...,컴퓨터 설치 및 수리원(컴퓨터A/S원)(841100),연봉,Y,3000만원 ~ 3000만원,3000 ~ 3000,서울 중구,11140,주5일근무,학력무관,0,null,,신입,N,기간의 정함이 없는 근로계약/ 파견근로 비희망/ 대체인력채용 비희망,1,고용24,2026.6.23,2026.7.15,VALIDATION,https://www.work24.go.kr/wk/a/b/1500/empDetailAuthView.do?wantedAuthNo=K120122606230004&infoTypeCd=VALIDATION&infoTypeGroup=tb_workinfoworknet,4597,1.11E+11,서울특별시 중구 다산로 104,4층 402호,0,0,2268153675,2026.6.24 2:43,SYSTEM,2026.6.24 2:43,SYSTEM,N,Y,0,841100,2,841100,1100,0,10,1,Y
KJ21622606230001,유한회사 태산에프엔에스,생산직모집,기타 제조 관련 단순 종사원(890000),월급,M,215만원,215,전북 익산시,52140,주5일근무,학력무관,0,null,,신입,N,기간의 정함이 없는 근로계약/ 파견근로 비희망/ 대체인력채용 비희망,10,"고용24,이메일",2026.6.23,채용시까지  26-08-22,VALIDATION,https://www.work24.go.kr/wk/a/b/1500/empDetailAuthView.do?wantedAuthNo=KJ21622606230001&infoTypeCd=VALIDATION&infoTypeGroup=tb_workinfoworknet,54574,5.21E+11,전북특별자치도 익산시 금마면 무왕로33길 220,유한회사태산에프엔에스,0,0,6788701138,2026.6.24 2:43,SYSTEM,2026.6.24 2:43,SYSTEM,N,Y,0,890000,2,890000,,0,10,1,N
K140062606230006,주식회사 피에프에스,★ 대구달성고용센터 2층 26. 6. 26(금) ...,고무 사출성형기 조작원(852101),시급,H,10320원 ~ 10320원,10320 ~ 10320,대구 달성군,27710,주5일근무,학력무관,0,null,,관계없음,Z,기간의 정함이 있는 근로계약12 개월/ 계약기간 만료 후 상용직전환검토/ 파견근로 비희망/ 대체인력채용 비희망,5,"방문,기타(★ 대구달성고용센터 2층 회의실 26. 6. 26 (금) 오후2시 현장면접★ 면접희망자는 면접일정 확인후 이력서, 건강보험 자격득실확인서(전체이력) 지참 방문하시기 바랍니다.(고용24 구직등록 필수)* 달성고용센터 오시는길: 버스노선 665번, 655번 / (지하철 "" 설화명곡역"" 환승 후 버스노선 665번, 655번 ))",2026.6.23,2026.6.26,VALIDATION,https://www.work24.go.kr/wk/a/b/1500/empDetailAuthView.do?wantedAuthNo=K140062606230006&infoTypeCd=VALIDATION&infoTypeGroup=tb_workinfoworknet,42982,2.77E+11,대구광역시 달성군 논공읍 논공중앙로51길 42,,0,0,6568601922,2026.6.24 2:43,SYSTEM,2026.6.24 2:43,SYSTEM,N,Y,0,852101,1,852101,1000,0,20,2,N
K151222606230001,DY탑텍,특장차 부품 제조  정직원 모집,기타 제조 관련 단순 종사원(890000),월급,M,230만원,230,경기 김포시,41570,주5일근무,학력무관,0,null,,신입,N,기간의 정함이 없는 근로계약/ 파견근로 비희망/ 대체인력채용 비희망,1,"방문,고용24",2026.6.23,채용시까지  26-08-21,VALIDATION,https://www.work24.go.kr/wk/a/b/1500/empDetailAuthView.do?wantedAuthNo=K151222606230001&infoTypeCd=VALIDATION&infoTypeGroup=tb_workinfoworknet,10039,4.16E+11,경기도 김포시 대곶면 율마로 31-12,,0,0,4522500510,2026.6.24 2:43,SYSTEM,2026.6.24 2:43,SYSTEM,N,Y,0,890000,2,890000,4157,0,10,1,Y
K171112606230002,대부건설합자회사,"경리,사무직 직원 모집 공고",경리 사무원(건설)(027203),월급,M,250만원 ~ 270만원,250 ~ 270,충북 청주시 청원구,43114,주5일근무,고졸,3,대졸(2~3년),4,경력,E,기간의 정함이 없는 근로계약/ 파견근로 비희망/ 대체인력채용 비희망,1,이메일,2026.6.23,채용시까지  26-08-17,VALIDATION,https://www.work24.go.kr/wk/a/b/1500/empDetailAuthView.do?wantedAuthNo=K171112606230002&infoTypeCd=VALIDATION&infoTypeGroup=tb_workinfoworknet,28484,4.31E+11,충청북도 청주시 청원구 무심동로 592,3층,0,0,2258103420,2026.6.24 2:43,SYSTEM,2026.6.24 2:43,SYSTEM,N,Y,0,27203,3,27203,1000,3,10,1,N
K150112606230001,정드림요양원,한결같은 고운맘 주야비 요양보호사선생님을 모십니다...,요양보호사(노인요양사)(550101),월급,M,245만원 ~ 245만원,245 ~ 245,인천 부평구,28237,주5일근무,학력무관,0,null,,경력,E,기간의 정함이 없는 근로계약/ 파견근로 비희망/ 대체인력채용 비희망,2,"방문,고용24,이메일",2026.6.23,2026.7.10,VALIDATION,https://www.work24.go.kr/wk/a/b/1500/empDetailAuthView.do?wantedAuthNo=K150112606230001&infoTypeCd=VALIDATION&infoTypeGroup=tb_workinfoworknet,21398,2.82E+11,인천광역시 부평구 부흥로 412,정드림요양원 5층,0,0,3778001648,2026.6.24 2:43,SYSTEM,2026.6.24 2:43,SYSTEM,N,Y,0,550101,3,550101,2800,0,10,1,Y
K171112606230004,(주)중앙특수강,써큘러 조작원(환봉절단 작업),금속 공작기계 조작원(813200),연봉,Y,3600만원 ~ 4000만원,3600 ~ 4000,충북 청주시 청원구,43114,주5일근무,학력무관,0,null,,관계없음,Z,기간의 정함이 없는 근로계약/ 파견근로 비희망/ 대체인력채용 비희망,1,"고용24,이메일",2026.6.23,2026.7.7,VALIDATION,https://www.work24.go.kr/wk/a/b/1500/empDetailAuthView.do?wantedAuthNo=K171112606230004&infoTypeCd=VALIDATION&infoTypeGroup=tb_workinfoworknet,28307,4.31E+11,충청북도 청주시 청원구 외남로 5,(주)중앙특수강,0,0,3018184635,2026.6.24 2:43,SYSTEM,2026.6.24 2:43,SYSTEM,N,Y,0,813200,1,813200,1000,0,10,1,N
K131522606230001,광진기업,{지역·산업 맞춤}삼성중공업 협력사 족장 감시자 ...,기타 제조 관련 단순 종사원(890000),시급,H,10320원 ~ 10500원,10320 ~ 10500,경남 거제시,48310,주5일근무,학력무관,0,null,,신입,N,기간의 정함이 없는 근로계약/ 파견근로 비희망/ 대체인력채용 비희망,5,"고용24,이메일",2026.6.23,2026.7.10,VALIDATION,https://www.work24.go.kr/wk/a/b/1500/empDetailAuthView.do?wantedAuthNo=K131522606230001&infoTypeCd=VALIDATION&infoTypeGroup=tb_workinfoworknet,53261,4.83E+11,경상남도 거제시 장평3로 80,삼성중공업내 광진기업,0,0,6121275082,2026.6.24 2:43,SYSTEM,2026.6.24 2:43,SYSTEM,N,Y,0,890000,2,890000,1000,0,10,1,N
K131162606230001,대경세륜기,대경세륜기 대구지사 영업사원모집,일반 제품 영업원(613204),연봉,Y,3800만원 ~ 4000만원,3800 ~ 4000,대구 달성군,27710,주5일근무,학력무관,0,null,,신입,N,기간의 정함이 없는 근로계약/ 파견근로 비희망/ 대체인력채용 비희망,1,고용24,2026.6.23,2026.7.11,VALIDATION,https://www.work24.go.kr/wk/a/b/1500/empDetailAuthView.do?wantedAuthNo=K131162606230001&infoTypeCd=VALIDATION&infoTypeGroup=tb_workinfoworknet,42993,2.77E+11,대구광역시 달성군 비슬로64길 46-10,유곡리,0,0,5150671300,2026.6.24 2:43,SYSTEM,2026.6.24 2:43,SYSTEM,N,Y,0,613204,2,613204,1000,0,10,1,N
K120232606230002,시립강동노인복지관 데이케어센터,데이케어센터 파트타임 요양보호사(계약직) 공개채용,요양보호사(550100),월급,M,118만원 ~ 118만원,118 ~ 118,서울 강동구,11740,주5일근무,학력무관,0,null,,관계없음,Z,기간의 정함이 있는 근로계약12 개월/ 파견근로 비희망/ 대체인력채용 비희망,1,이메일,2026.6.23,2026.7.7,VALIDATION,https://www.work24.go.kr/wk/a/b/1500/empDetailAuthView.do?wantedAuthNo=K120232606230002&infoTypeCd=VALIDATION&infoTypeGroup=tb_workinfoworknet,5257,1.17E+11,서울특별시 강동구 동남로71길 32-5,4층 데이케어센터,0,0,2128268308,2026.6.24 2:43,SYSTEM,2026.6.24 2:43,SYSTEM,N,Y,0,550100,1,550100,1100,0,20,2,Y
K171112606230003,(주)중앙특수강,배송직원 구인,배송·납품 운전원(납품영업 포함)(624102),연봉,Y,3600만원 ~ 3600만원,3600 ~ 3600,충북 청주시 청원구,43114,주5일근무,학력무관,0,null,,관계없음,Z,기간의 정함이 없는 근로계약/ 파견근로 비희망/ 대체인력채용 비희망,1,"팩스,고용24",2026.6.23,2026.7.7,VALIDATION,https://www.work24.go.kr/wk/a/b/1500/empDetailAuthView.do?wantedAuthNo=K171112606230003&infoTypeCd=VALIDATION&infoTypeGroup=tb_workinfoworknet,28307,4.31E+11,충청북도 청주시 청원구 외남로 5,(주)중앙특수강,0,0,3018184635,2026.6.24 2:43,SYSTEM,2026.6.24 2:43,SYSTEM,N,Y,0,624102,1,624102,1000,0,10,1,N
K131162606230002,대경세륜기,수리정비 기사모집,건설·광업기계 설치 및 정비원 (811700),시급,H,10500원 ~ 11500원,10500 ~ 11500,경남 창녕군,48740,주5일근무,학력무관,0,null,,관계없음,Z,기간의 정함이 없는 근로계약/ 파견근로 비희망/ 대체인력채용 비희망,1,고용24,2026.6.23,2026.7.11,VALIDATION,https://www.work24.go.kr/wk/a/b/1500/empDetailAuthView.do?wantedAuthNo=K131162606230002&infoTypeCd=VALIDATION&infoTypeGroup=tb_workinfoworknet,50315,4.87E+11,경상남도 창녕군 고암면 하리청학로 220-47,,0,0,5150671300,2026.6.24 2:43,SYSTEM,2026.6.24 2:43,SYSTEM,N,Y,0,811700,1,811700,1000,0,10,1,N
KEC0352606230001,씨케이 주식회사,원료제품팀 제품입출하직 채용,하역 및 적재 단순 종사원(624500),월급,M,266만원,266,충북 보은군,43720,주5일근무,고졸,3,null,,관계없음,Z,기간의 정함이 없는 근로계약/ 파견근로 비희망/ 대체인력채용 비희망,1,고용24,2026.6.23,2026.7.6,VALIDATION,https://www.work24.go.kr/wk/a/b/1500/empDetailAuthView.do?wantedAuthNo=KEC0352606230001&infoTypeCd=VALIDATION&infoTypeGroup=tb_workinfoworknet,28916,4.37E+11,충청북도 보은군 매화구인로 331-13,장안농공단지 내,0,0,2048123491,2026.6.24 2:43,SYSTEM,2026.6.24 2:43,SYSTEM,N,Y,0,624500,1,624500,1000,3,10,1,N
K140112606230001,(사）대구광역시장애인재활협회,최중증 발달장애인 통합돌봄서비스 제공인력(주간개별...,사회복지사(231100),월급,M,220만원 ~ 245만원,220 ~ 245,대구 남구,27200,주5일근무,학력무관,0,null,,관계없음,Z,기간의 정함이 없는 근로계약/ 파견근로 비희망/ 대체인력채용 비희망,1,이메일,2026.6.23,2026.7.6,VALIDATION,https://www.work24.go.kr/wk/a/b/1500/empDetailAuthView.do?wantedAuthNo=K140112606230001&infoTypeCd=VALIDATION&infoTypeGroup=tb_workinfoworknet,42441,2.72E+11,대구광역시 남구 이천로 24,,0,0,5028210387,2026.6.24 2:43,SYSTEM,2026.6.24 2:43,SYSTEM,N,Y,0,231100,1,231100,1000,0,10,1,N
K131162606230003,(주)한울,생산직 사원모집,기타 제조 관련 단순 종사원(890000),시급,H,11500원,11500,경남 창녕군,48740,주5일근무,학력무관,0,null,,관계없음,Z,기간의 정함이 없는 근로계약/ 파견근로 비희망/ 대체인력채용 비희망,1,"방문,이메일,기타(문의 후 방문.)",2026.6.23,채용시까지  26-08-22,VALIDATION,https://www.work24.go.kr/wk/a/b/1500/empDetailAuthView.do?wantedAuthNo=K131162606230003&infoTypeCd=VALIDATION&infoTypeGroup=tb_workinfoworknet,50316,4.87E+11,경상남도 창녕군 대지면 왕산길 3-6,,0,0,6088151544,2026.6.24 2:43,SYSTEM,2026.6.24 2:43,SYSTEM,N,Y,0,890000,1,890000,1000,0,10,1,N
K171112606230005,삼성산소(주),납품기사 모집,배송·납품 운전원(납품영업 포함)(624102),연봉,Y,3300만원 ~ 3500만원,3300 ~ 3500,충북 청주시 흥덕구,43113,주5일근무,학력무관,0,null,,관계없음,Z,기간의 정함이 없는 근로계약/ 파견근로 비희망/ 대체인력채용 비희망,1,"방문,팩스,고용24,기타(전화문의 환영)",2026.6.23,2026.7.15,VALIDATION,https://www.work24.go.kr/wk/a/b/1500/empDetailAuthView.do?wantedAuthNo=K171112606230005&infoTypeCd=VALIDATION&infoTypeGroup=tb_workinfoworknet,28171,4.31E+11,충청북도 청주시 흥덕구 강내면 상월곡길 10,충북 청주시 흥덕구 강내면 상월곡길 10,0,0,3018124618,2026.6.24 2:43,SYSTEM,2026.6.24 2:43,SYSTEM,N,Y,0,624102,1,624102,1000,0,10,1,N
K1600z2606230001,(주)삼원테크,경영지원 사무원 모집,자재·구매 사무원(건설)(028401),월급,M,290만원,290,전남 화순군,46790,주5일근무,학력무관,0,null,,관계없음,Z,기간의 정함이 있는 근로계약3 개월/ 계약기간 만료 후 상용직전환검토/ 파견근로 비희망/ 대체인력채용 비희망,1,"고용24,이메일",2026.6.23,채용시까지  26-08-22,VALIDATION,https://www.work24.go.kr/wk/a/b/1500/empDetailAuthView.do?wantedAuthNo=K1600z2606230001&infoTypeCd=VALIDATION&infoTypeGroup=tb_workinfoworknet,58143,4.68E+11,전라남도 화순군 동면 동농공길 26-3,,0,0,4098147875,2026.6.24 2:43,SYSTEM,2026.6.24 2:43,SYSTEM,N,Y,0,28401,1,28401,1000,0,20,2,N
K151222606230003,주식회사 대한종합포장,골판지 상자 영업관리 담당자 모집,영업 기획·관리·지원 사무원(026202),월급,M,240만원,240,경기 김포시,41570,주5일근무,학력무관,0,null,,관계없음,Z,기간의 정함이 없는 근로계약/ 파견근로 비희망/ 대체인력채용 비희망,1,고용24,2026.6.23,채용시까지  26-08-21,VALIDATION,https://www.work24.go.kr/wk/a/b/1500/empDetailAuthView.do?wantedAuthNo=K151222606230003&infoTypeCd=VALIDATION&infoTypeGroup=tb_workinfoworknet,10046,4.16E+11,경기도 김포시 대곶면 대곶남로 481,(주)대한종합포장,0,0,1378197558,2026.6.24 2:43,SYSTEM,2026.6.24 2:43,SYSTEM,N,Y,0,26202,1,26202,4157,0,10,1,Y
K163022606230002,케이지모빌리티 서귀포서비스프라자,자동차 A/S기사 모집,자동차 정비원(812400),월급,M,300만원 ~ 450만원,300 ~ 450,제주 서귀포시,50130,주5일근무,학력무관,0,null,,관계없음,Z,기간의 정함이 없는 근로계약/ 파견근로 비희망/ 대체인력채용 비희망,1,"방문,고용24,이메일,기타(담당자 전화접수가능)",2026.6.23,채용시까지  26-08-21,VALIDATION,https://www.work24.go.kr/wk/a/b/1500/empDetailAuthView.do?wantedAuthNo=K163022606230002&infoTypeCd=VALIDATION&infoTypeGroup=tb_workinfoworknet,63579,5.01E+11,제주특별자치도 서귀포시 중산간동로 7856,,0,0,4584700048,2026.6.24 2:43,SYSTEM,2026.6.24 2:43,SYSTEM,N,Y,0,812400,1,812400,1000,0,10,1,N
K163022606230001,재활&상담 프로보노,언어재활사 구함,언어 및 청각능력 재활사(306800),시급,H,34000원 ~ 38000원,34000 ~ 38000,제주 서귀포시,50130,주5일근무,대졸(4년),5,석사,6,관계없음,Z,기간의 정함이 없는 근로계약(시간(선택)제)/ 파견근로 비희망/ 대체인력채용 비희망,1,"방문,고용24,이메일",2026.6.23,채용시까지  26-08-21,VALIDATION,https://www.work24.go.kr/wk/a/b/1500/empDetailAuthView.do?wantedAuthNo=K163022606230001&infoTypeCd=VALIDATION&infoTypeGroup=tb_workinfoworknet,63590,5.01E+11,제주특별자치도 서귀포시 동문동로53번길 5,2층 201호,0,0,2519801642,2026.6.24 2:43,SYSTEM,2026.6.24 2:43,SYSTEM,N,Y,0,306800,1,306800,1000,5,11,1,N
K180522606230001,(주)더큰,재가 요양보호사 모십니다,재가 요양보호사(550102),시급,H,10320원,10320,경기 시흥시,41390,주5일근무,학력무관,0,null,,관계없음,Z,기간의 정함이 없는 근로계약(시간(선택)제)/ 파견근로 비희망/ 대체인력채용 비희망,1,"방문,기타(031-433-9978  더큰복지센터)",2026.6.23,2026.6.29,VALIDATION,https://www.work24.go.kr/wk/a/b/1500/empDetailAuthView.do?wantedAuthNo=K180522606230001&infoTypeCd=VALIDATION&infoTypeGroup=tb_workinfoworknet,15041,4.14E+11,경기도 시흥시 정왕대로28번길 29,104동,0,0,1408189597,2026.6.24 2:43,SYSTEM,2026.6.24 2:43,SYSTEM,N,Y,0,550102,1,550102,4139,0,11,1,Y
K160042606230001,유한회사삼오테크,제조단순종사원(생산직 사원),기타 제조 관련 단순 종사원(890000),월급,M,220만원,220,광주 광산구,29200,주5일근무,학력무관,0,null,,신입,N,기간의 정함이 없는 근로계약/ 파견근로 비희망/ 대체인력채용 비희망,2,고용24,2026.6.23,채용시까지  26-08-21,VALIDATION,https://www.work24.go.kr/wk/a/b/1500/empDetailAuthView.do?wantedAuthNo=K160042606230001&infoTypeCd=VALIDATION&infoTypeGroup=tb_workinfoworknet,62466,2.92E+11,광주광역시 광산구 평동산단8번로 100,,0,0,4018147231,2026.6.24 2:43,SYSTEM,2026.6.24 2:43,SYSTEM,N,Y,0,890000,2,890000,1000,0,10,1,N
K180212606230002,효방문요양센터,[탄현] 4등급 여자어르신/ 요양보호사 채용,재가 요양보호사(550102),시급,H,10320원 ~ 10320원,10320 ~ 10320,경기 고양시 일산서구,41287,주5일근무,학력무관,0,null,,관계없음,Z,기간의 정함이 없는 근로계약(시간(선택)제)/ 파견근로 비희망/ 대체인력채용 비희망,1,기타(전화 통화 후 서류 제출 및 면접 진행),2026.6.23,2026.7.7,VALIDATION,https://www.work24.go.kr/wk/a/b/1500/empDetailAuthView.do?wantedAuthNo=K180212606230002&infoTypeCd=VALIDATION&infoTypeGroup=tb_workinfoworknet,10242,4.13E+11,경기도 고양시 일산서구 일현로 97-11,,0,0,8468001727,2026.6.24 2:43,SYSTEM,2026.6.24 2:43,SYSTEM,N,Y,0,550102,1,550102,4128,0,11,1,Y
K180212606230003,다사랑요양원,요양보호사 선생님 구합니다~,요양보호사(노인요양사)(550101),월급,M,225만원,225,경기 고양시 덕양구,41281,주5일근무,학력무관,0,null,,관계없음,Z,기간의 정함이 없는 근로계약/ 파견근로 비희망/ 대체인력채용 비희망,1,"방문,팩스,고용24,이메일",2026.6.23,2026.7.7,VALIDATION,https://www.work24.go.kr/wk/a/b/1500/empDetailAuthView.do?wantedAuthNo=K180212606230003&infoTypeCd=VALIDATION&infoTypeGroup=tb_workinfoworknet,10495,4.13E+11,경기도 고양시 덕양구 중앙로558번길 16-12,,0,0,5318001539,2026.6.24 2:43,SYSTEM,2026.6.24 2:43,SYSTEM,N,Y,0,550101,1,550101,4128,0,10,1,Y
K120312606230001,서울종합데이케어센터,서울종합데이케어센터 사회복지사 채용공고,사회복지사(231100),월급,M,225만원 ~ 225만원,225 ~ 225,서울 마포구,11440,주5일근무,학력무관,0,null,,관계없음,Z,기간의 정함이 없는 근로계약/ 파견근로 비희망/ 대체인력채용 비희망,1,고용24,2026.6.23,2026.7.7,VALIDATION,https://www.work24.go.kr/wk/a/b/1500/empDetailAuthView.do?wantedAuthNo=K120312606230001&infoTypeCd=VALIDATION&infoTypeGroup=tb_workinfoworknet,4163,1.14E+11,서울특별시 마포구 토정로32길 4,3층 서울종합데이케어센터,0,0,8788001141,2026.6.24 2:43,SYSTEM,2026.6.24 2:43,SYSTEM,N,Y,0,231100,1,231100,1100,0,10,1,Y
K120312606230002,서울종합데이케어센터,서울종합데이케어센터 요양보호사 채용공고,요양보호사(노인요양사)(550101),월급,M,225만원 ~ 225만원,225 ~ 225,서울 마포구,11440,주5일근무,학력무관,0,null,,관계없음,Z,기간의 정함이 없는 근로계약/ 파견근로 비희망/ 대체인력채용 비희망,1,"고용24,이메일",2026.6.23,2026.7.7,VALIDATION,https://www.work24.go.kr/wk/a/b/1500/empDetailAuthView.do?wantedAuthNo=K120312606230002&infoTypeCd=VALIDATION&infoTypeGroup=tb_workinfoworknet,4163,1.14E+11,서울특별시 마포구 토정로32길 4,3층 서울종합데이케어센터,0,0,8788001141,2026.6.24 2:43,SYSTEM,2026.6.24 2:43,SYSTEM,N,Y,0,550101,1,550101,1100,0,10,1,Y
K151222606230004,주식회사사람과비젼,"통근버스 운행 비타민 제품 단순기계조작,포장원 모...","기타 식품가공 관련 기계 조작원(유지, 장류, 조미식품, 설탕, 커피, 담배 등)(873900)",월급,M,215만원 ~ 270만원,215 ~ 270,경기 김포시,41570,주5일근무,학력무관,0,null,,관계없음,Z,기간의 정함이 없는 근로계약/ 파견근로 비희망/ 대체인력채용 비희망,1,"고용24,기타(전화, 문자지원 감사합니다.)",2026.6.23,채용시까지  26-08-21,VALIDATION,https://www.work24.go.kr/wk/a/b/1500/empDetailAuthView.do?wantedAuthNo=K151222606230004&infoTypeCd=VALIDATION&infoTypeGroup=tb_workinfoworknet,10028,4.16E+11,경기도 김포시 대곶면 대곶북로 351,,0,0,1228189702,2026.6.24 2:43,SYSTEM,2026.6.24 2:43,SYSTEM,N,Y,0,873900,1,873900,4157,0,10,1,Y
K152122606230001,선하푸드,"떡, 호두과자 만드실분",떡 제조원(한과 포함)(871200),월급,M,250만원 ~ 250만원,250 ~ 250,경기 가평군,41820,주5일근무,학력무관,0,null,,관계없음,Z,기간의 정함이 없는 근로계약/ 파견근로 비희망/ 대체인력채용 비희망,1,이메일,2026.6.23,2026.6.29,VALIDATION,https://www.work24.go.kr/wk/a/b/1500/empDetailAuthView.do?wantedAuthNo=K152122606230001&infoTypeCd=VALIDATION&infoTypeGroup=tb_workinfoworknet,12457,4.18E+11,경기도 가평군 청평면 남이터길 28-10,단독,0,0,2530103438,2026.6.24 2:43,SYSTEM,2026.6.24 2:43,SYSTEM,N,Y,0,871200,1,871200,4182,0,10,1,Y
KEC0682606230001,실버세상재가센터,내발산동 요양보호사 구합니다,재가 요양보호사(550102),시급,H,10320원 ~ 10320원,10320 ~ 10320,서울 강서구,11500,주5일근무,학력무관,0,null,,관계없음,Z,기간의 정함이 없는 근로계약(시간(선택)제)/ 파견근로 비희망/ 대체인력채용 비희망,1,고용24,2026.6.23,채용시까지  26-08-21,VALIDATION,https://www.work24.go.kr/wk/a/b/1500/empDetailAuthView.do?wantedAuthNo=KEC0682606230001&infoTypeCd=VALIDATION&infoTypeGroup=tb_workinfoworknet,7639,1.15E+11,서울특별시 강서구 강서로47나길 39,5층,0,0,5588002358,2026.6.24 2:43,SYSTEM,2026.6.24 2:43,SYSTEM,N,Y,0,550102,1,550102,1100,0,11,1,Y
K141462606230001,예천사랑주간보호센터,예천사랑주간보호센터 사무원 모집,영업 기획·관리·지원 사무원(026202),월급,M,215만원 ~ 245만원,215 ~ 245,경북 예천군,47900,주5일근무,학력무관,0,null,,신입,N,기간의 정함이 있는 근로계약3 개월/ 파견근로 비희망/ 대체인력채용 비희망,1,"방문,이메일",2026.6.23,2026.7.31,VALIDATION,https://www.work24.go.kr/wk/a/b/1500/empDetailAuthView.do?wantedAuthNo=K141462606230001&infoTypeCd=VALIDATION&infoTypeGroup=tb_workinfoworknet,36829,4.79E+11,경상북도 예천군 예천읍 구남골길 21-5,,0,0,6778003911,2026.6.24 2:43,SYSTEM,2026.6.24 2:43,SYSTEM,N,Y,0,26202,2,26202,1000,0,20,2,N
KEC0202606230001,대광기업사,연속열처리로 조작원 모집 (경력자 및 관리자급),금속 열처리로 조작원(821202),시급,H,10320원,10320,경기 시흥시,41390,주5일근무,학력무관,0,null,,경력,E,기간의 정함이 없는 근로계약/ 파견근로 비희망/ 대체인력채용 비희망,2,고용24,2026.6.23,채용시까지  26-07-22,VALIDATION,https://www.work24.go.kr/wk/a/b/1500/empDetailAuthView.do?wantedAuthNo=KEC0202606230001&infoTypeCd=VALIDATION&infoTypeGroup=tb_workinfoworknet,15112,4.14E+11,경기도 시흥시 경기과기대로 83,대광기업사,0,0,1300287049,2026.6.24 2:43,SYSTEM,2026.6.24 2:43,SYSTEM,N,Y,0,821202,3,821202,4139,0,10,1,Y
K130112606230001,금정구가족센터,[긴급채용]금정구가족센터 다문화가족 방문교육사업 ...,그 외 사회복지 종사원(232904),시급,H,13230원,13230,부산 금정구,26410,주5일근무,대졸(2~3년),4,박사,7,관계없음,Z,기간의 정함이 있는 근로계약(시간(선택)제)6 개월/ 파견근로 비희망/ 대체인력채용 비희망,1,"우편,이메일",2026.6.23,2026.6.26,VALIDATION,https://www.work24.go.kr/wk/a/b/1500/empDetailAuthView.do?wantedAuthNo=K130112606230001&infoTypeCd=VALIDATION&infoTypeGroup=tb_workinfoworknet,46216,2.64E+11,부산광역시 금정구 중앙대로 1992,2-3층,0,0,6218015767,2026.6.24 2:43,SYSTEM,2026.6.24 2:43,SYSTEM,N,Y,0,232904,1,232904,1000,4,21,2,N
KEC0122606230001,강동방문요양센터,재가요양보호사 급구인 (선산),재가 요양보호사(550102),시급,H,10320원,10320,경북 구미시,47190,주6일근무,학력무관,0,null,,관계없음,Z,기간의 정함이 없는 근로계약/ 파견근로 비희망/ 대체인력채용 비희망,1,"방문,고용24",2026.6.23,2026.7.3,VALIDATION,https://www.work24.go.kr/wk/a/b/1500/empDetailAuthView.do?wantedAuthNo=KEC0122606230001&infoTypeCd=VALIDATION&infoTypeGroup=tb_workinfoworknet,39112,4.72E+11,경상북도 구미시 선산향교길 16,111동,0,0,5328002910,2026.6.24 2:43,SYSTEM,2026.6.24 2:43,SYSTEM,N,Y,0,550102,1,550102,1000,0,10,1,N
K120412606230001,동행재가노인복지센터,서울시 강서구 마곡동 3등급 86세 남자 어르신 ...,재가 요양보호사(550102),시급,H,10320원 ~ 10320원,10320 ~ 10320,서울 강서구,11500,주5일근무,학력무관,0,null,,관계없음,Z,기간의 정함이 있는 근로계약(시간(선택)제)12 개월/ 파견근로 비희망/ 대체인력채용 비희망,1,"고용24,기타(전화)",2026.6.23,2026.7.7,VALIDATION,https://www.work24.go.kr/wk/a/b/1500/empDetailAuthView.do?wantedAuthNo=K120412606230001&infoTypeCd=VALIDATION&infoTypeGroup=tb_workinfoworknet,7798,1.15E+11,서울특별시 강서구 마곡서로 133,703동,0,0,4898002668,2026.6.24 2:43,SYSTEM,2026.6.24 2:43,SYSTEM,N,Y,0,550102,1,550102,1100,0,21,2,Y
K130112606230003,풍성한노인복지센터,사회복지사(3명),사회복지사(231100),월급,M,215만원 ~ 350만원,215 ~ 350,부산 동래구,26260,주5일근무,학력무관,0,null,,관계없음,Z,기간의 정함이 없는 근로계약/ 파견근로 비희망/ 대체인력채용 비희망,3,고용24,2026.6.23,2026.6.26,VALIDATION,https://www.work24.go.kr/wk/a/b/1500/empDetailAuthView.do?wantedAuthNo=K130112606230003&infoTypeCd=VALIDATION&infoTypeGroup=tb_workinfoworknet,47852,2.63E+11,부산광역시 동래구 아시아드대로195번길 15,2층,0,0,6858002209,2026.6.24 2:43,SYSTEM,2026.6.24 2:43,SYSTEM,N,Y,0,231100,1,231100,1000,0,10,1,N
K130112606230006,한컴말랑말랑행복케어,[해운대] 주간보호센터 요양보호사 모집,요양보호사(노인요양사)(550101),월급,M,223만원,223,부산 해운대구,26350,주5일근무,학력무관,0,null,,관계없음,Z,기간의 정함이 없는 근로계약/ 파견근로 비희망/ 대체인력채용 비희망,1,"고용24,기타(워크넷이력서등록하면 개별통보합니다)",2026.6.23,2026.6.30,VALIDATION,https://www.work24.go.kr/wk/a/b/1500/empDetailAuthView.do?wantedAuthNo=K130112606230006&infoTypeCd=VALIDATION&infoTypeGroup=tb_workinfoworknet,48108,2.64E+11,부산광역시 해운대구 좌동순환로 243,,0,0,2458001870,2026.6.24 2:43,SYSTEM,2026.6.24 2:43,SYSTEM,N,Y,0,550101,1,550101,1000,0,10,1,N
K130112606230005,온케어링재가노인복지센터,(우동 대우마리나) 요양보호사 선생님을 모십니다.,재가 요양보호사(550102),시급,H,10320원 ~ 15000원,10320 ~ 15000,부산 해운대구,26350,주6일근무,학력무관,0,null,,관계없음,Z,기간의 정함이 없는 근로계약(시간(선택)제)/ 파견근로 비희망/ 대체인력채용 비희망,1,"방문,고용24,기타(전화요망 051-703-5222)",2026.6.23,채용시까지  26-08-21,VALIDATION,https://www.work24.go.kr/wk/a/b/1500/empDetailAuthView.do?wantedAuthNo=K130112606230005&infoTypeCd=VALIDATION&infoTypeGroup=tb_workinfoworknet,48091,2.64E+11,부산광역시 해운대구 해운대해변로 141,2차 아파트,0,0,6208027163,2026.6.24 2:43,SYSTEM,2026.6.24 2:43,SYSTEM,N,Y,0,550102,1,550102,1000,0,11,1,N
K161322606230001,주식회사 우림,(주)우림 현장 오면기 가공 모집,금속가공 기계 조작원(821200),시급,H,11500원,11500,전북 군산시,52130,주5일근무,학력무관,0,null,,관계없음,Z,기간의 정함이 없는 근로계약/ 파견근로 비희망/ 대체인력채용 비희망,1,"방문,우편,팩스,이메일",2026.6.23,채용시까지  26-08-21,VALIDATION,https://www.work24.go.kr/wk/a/b/1500/empDetailAuthView.do?wantedAuthNo=K161322606230001&infoTypeCd=VALIDATION&infoTypeGroup=tb_workinfoworknet,54001,5.21E+11,전북특별자치도 군산시 자유무역3길 79,주식회사 우림,0,0,4018151360,2026.6.24 2:43,SYSTEM,2026.6.24 2:43,SYSTEM,N,Y,0,821200,1,821200,,0,10,1,N
K172322606230001,카페몰로,카페에서 같이 근무할 직원 채용 합니다.,음료 조리원(바리스타 포함)(531700),시급,H,14000원 ~ 15000원,14000 ~ 15000,충남 태안군,44825,,학력무관,0,null,,관계없음,Z,기간의 정함이 없는 근로계약/ 파견근로 비희망/ 대체인력채용 비희망,1,고용24,2026.6.23,2026.7.6,VALIDATION,https://www.work24.go.kr/wk/a/b/1500/empDetailAuthView.do?wantedAuthNo=K172322606230001&infoTypeCd=VALIDATION&infoTypeGroup=tb_workinfoworknet,32123,4.48E+11,충청남도 태안군 소원면 모항항길 94,카페몰로,0,0,4134800886,2026.6.24 2:43,SYSTEM,2026.6.24 2:43,SYSTEM,N,Y,0,531700,1,531700,1000,0,10,1,N
K172112606230002,주식회사 내추럴푸드시스템,주말 저녁 이동급식 전담 조리사(원) 채용[파트타...,사업체 구내식당 급식 조리사(531804),시급,H,15500원 ~ 17000원,15500 ~ 17000,충남 천안시 서북구,44133,,학력무관,0,null,,경력,E,기간의 정함이 없는 근로계약/ 파견근로 비희망/ 대체인력채용 비희망,2,"방문,고용24,이메일",2026.6.23,채용시까지  26-08-21,VALIDATION,https://www.work24.go.kr/wk/a/b/1500/empDetailAuthView.do?wantedAuthNo=K172112606230002&infoTypeCd=VALIDATION&infoTypeGroup=tb_workinfoworknet,31136,4.41E+11,충청남도 천안시 서북구 축구센터로 150,본관동 1층 구내식당,0,0,4638700857,2026.6.24 2:43,SYSTEM,2026.6.24 2:43,SYSTEM,N,Y,0,531804,3,531804,1000,0,10,1,N
K162212606230001,（주）달성,※ 제관사 경력사원 모집(제철설비 및 철구조물),제관원(822300),연봉,Y,5000만원,5000,전남 순천시,46150,주5일근무,학력무관,0,null,,경력,E,기간의 정함이 없는 근로계약/ 파견근로 비희망/ 대체인력채용 비희망,1,"방문,우편,고용24",2026.6.23,채용시까지  26-08-22,VALIDATION,https://www.work24.go.kr/wk/a/b/1500/empDetailAuthView.do?wantedAuthNo=K162212606230001&infoTypeCd=VALIDATION&infoTypeGroup=tb_workinfoworknet,58035,4.62E+11,전라남도 순천시 해룡면 율촌산단3로 28,(신성리),0,0,4168110094,2026.6.24 2:43,SYSTEM,2026.6.24 2:43,SYSTEM,N,Y,0,822300,3,822300,1000,0,10,1,N
K172112606230003,주식회사 내추럴푸드시스템,이동급식 배송담당자 채용,경·소형 화물차 운전원(622301),시급,H,10320원 ~ 15500원,10320 ~ 15500,충남 천안시 서북구,44133,주6일근무,학력무관,0,null,,관계없음,Z,기간의 정함이 없는 근로계약/ 파견근로 비희망/ 대체인력채용 비희망,2,고용24,2026.6.23,채용시까지  26-08-21,VALIDATION,https://www.work24.go.kr/wk/a/b/1500/empDetailAuthView.do?wantedAuthNo=K172112606230003&infoTypeCd=VALIDATION&infoTypeGroup=tb_workinfoworknet,31136,4.41E+11,충청남도 천안시 서북구 축구센터로 150,본관동 1층 구내식당,0,0,4638700857,2026.6.24 2:43,SYSTEM,2026.6.24 2:43,SYSTEM,N,Y,0,622301,1,622301,1000,0,10,1,N
K130112606230007,주식회사 삼천,[좌천동 일신기독병원] 구내식당 주방보조 조리원(...,병원 급식 조리사(531803),월급,M,256만원,256,부산 동구,26170,주5일근무,학력무관,0,null,,관계없음,Z,기간의 정함이 있는 근로계약12 개월/ 파견근로 비희망/ 대체인력채용 비희망,1,"팩스,고용24",2026.6.23,채용시까지  26-08-21,VALIDATION,https://www.work24.go.kr/wk/a/b/1500/empDetailAuthView.do?wantedAuthNo=K130112606230007&infoTypeCd=VALIDATION&infoTypeGroup=tb_workinfoworknet,48724,2.62E+11,부산광역시 동구 정공단로 27,일신기독병원 구내식당,0,0,6178129430,2026.6.24 2:43,SYSTEM,2026.6.24 2:43,SYSTEM,N,Y,0,531803,1,531803,1000,0,20,2,N
K120412606230002,동행재가노인복지센터,노원구 월계주공1단지 4등급 여자어르신 요양보호사...,재가 요양보호사(550102),시급,H,10320원 ~ 10320원,10320 ~ 10320,서울 노원구,11350,주5일근무,학력무관,0,null,,관계없음,Z,기간의 정함이 없는 근로계약(시간(선택)제)/ 파견근로 비희망/ 대체인력채용 비희망,1,고용24,2026.6.23,2026.7.7,VALIDATION,https://www.work24.go.kr/wk/a/b/1500/empDetailAuthView.do?wantedAuthNo=K120412606230002&infoTypeCd=VALIDATION&infoTypeGroup=tb_workinfoworknet,1881,1.14E+11,서울특별시 노원구 초안산로1길 15,108동,0,0,4898002668,2026.6.24 2:43,SYSTEM,2026.6.24 2:43,SYSTEM,N,Y,0,550102,1,550102,1100,0,11,1,Y
K120312606230003,서림폴리텍 주식회사,상도동 상도래미안1차 미화원 모집,"건물 청소원(공공건물,아파트,사무실,병원,상가,공장 등)(561101)",시급,H,10320원 ~ 10320원,10320 ~ 10320,서울 동작구,11590,주5일근무,학력무관,0,null,,관계없음,Z,기간의 정함이 있는 근로계약3 개월/ 계약기간 만료 후 상용직전환검토/ 파견근로 비희망/ 대체인력채용 비희망,2,"팩스,고용24",2026.6.23,채용시까지  26-08-21,VALIDATION,https://www.work24.go.kr/wk/a/b/1500/empDetailAuthView.do?wantedAuthNo=K120312606230003&infoTypeCd=VALIDATION&infoTypeGroup=tb_workinfoworknet,6948,1.16E+11,서울특별시 동작구 상도동 등용로 37,상도래미안아파트,0,0,1198166095,2026.6.24 2:43,SYSTEM,2026.6.24 2:43,SYSTEM,N,Y,0,561101,1,561101,1100,0,20,2,Y
K152122606230002,（사）한국지체장애인협회 강원도협회,강원양구군장애인편의증진기술지원센터 신규/경력직원(...,건축가(건축설계 포함)(140100),월급,M,215만원,215,강원 양구군,51800,주5일근무,학력무관,0,null,,관계없음,Z,기간의 정함이 없는 근로계약/ 파견근로 비희망/ 대체인력채용 비희망,1,"방문,우편,이메일,자사채용사이트(http://www.kwappds.or.kr/)",2026.6.23,2026.7.6,VALIDATION,https://www.work24.go.kr/wk/a/b/1500/empDetailAuthView.do?wantedAuthNo=K152122606230002&infoTypeCd=VALIDATION&infoTypeGroup=tb_workinfoworknet,24521,5.18E+11,강원특별자치도 양구군 비봉로73번길 12,양구군장애인복지센터,0,0,2218206650,2026.6.24 2:43,SYSTEM,2026.6.24 2:43,SYSTEM,N,Y,0,140100,1,140100,,0,10,1,N
K180142606230001,동원효실버센터,사회복지사 구인합니다.,사회복지사(사회복지시설)(231101),월급,M,215만원 ~ 220만원,215 ~ 220,경기 동두천시,41250,주5일근무,학력무관,0,null,,관계없음,Z,기간의 정함이 없는 근로계약/ 파견근로 비희망/ 대체인력채용 비희망,1,"고용24,이메일",2026.6.23,2026.7.7,VALIDATION,https://www.work24.go.kr/wk/a/b/1500/empDetailAuthView.do?wantedAuthNo=K180142606230001&infoTypeCd=VALIDATION&infoTypeGroup=tb_workinfoworknet,11359,4.13E+11,경기도 동두천시 삼육사로 1144,동원효실버센터,0,0,2318002415,2026.6.24 2:43,SYSTEM,2026.6.24 2:43,SYSTEM,N,Y,0,231101,1,231101,4125,0,10,1,Y
K172112606230004,주식회사 내추럴푸드시스템,(석식 파트타임/천안시 직산읍)기업 구내식당 배식...,단체 급식 보조원(532302),시급,H,10320원 ~ 13000원,10320 ~ 13000,충남 천안시 서북구,44133,주5일근무,학력무관,0,null,,관계없음,Z,기간의 정함이 없는 근로계약/ 파견근로 비희망/ 대체인력채용 비희망,1,"고용24,이메일",2026.6.23,채용시까지  26-08-22,VALIDATION,https://www.work24.go.kr/wk/a/b/1500/empDetailAuthView.do?wantedAuthNo=K172112606230004&infoTypeCd=VALIDATION&infoTypeGroup=tb_workinfoworknet,31040,4.41E+11,충청남도 천안시 서북구 4산단4로 42,,0,0,4638700857,2026.6.24 2:43,SYSTEM,2026.6.24 2:43,SYSTEM,N,Y,0,532302,1,532302,1000,0,10,1,N
K163012606230001,(재)대한예수교봉개어린이집,보육교사,보육 관련 시설 돌봄 종사원(232200),월급,M,231만원 ~ 240만원,231 ~ 240,제주 제주시,50110,주5일근무,학력무관,0,null,,경력,E,기간의 정함이 없는 근로계약/ 파견근로 비희망/ 대체인력채용 비희망,2,고용24,2026.6.23,2026.6.30,VALIDATION,https://www.work24.go.kr/wk/a/b/1500/empDetailAuthView.do?wantedAuthNo=K163012606230001&infoTypeCd=VALIDATION&infoTypeGroup=tb_workinfoworknet,63327,5.01E+11,제주특별자치도 제주시 번영로 561-8,봉개어린이집,0,0,6168212200,2026.6.24 2:43,SYSTEM,2026.6.24 2:43,SYSTEM,N,Y,0,232200,3,232200,1000,0,10,1,N
K131472606230001,(주)함양대동,함께할 농기계 수리기사 인재를 영입합니다.,농업용?기타 기계장비 설치 및 정비원(811900),월급,M,270만원 ~ 350만원,270 ~ 350,경남 함양군,48870,주5일근무,학력무관,0,null,,경력,E,기간의 정함이 없는 근로계약/ 파견근로 비희망/ 대체인력채용 비희망,1,"방문,팩스,고용24",2026.6.23,채용시까지  26-08-21,VALIDATION,https://www.work24.go.kr/wk/a/b/1500/empDetailAuthView.do?wantedAuthNo=K131472606230001&infoTypeCd=VALIDATION&infoTypeGroup=tb_workinfoworknet,50032,4.89E+11,경상남도 함양군 함양읍 함양로 1276,,0,0,1558102194,2026.6.24 2:43,SYSTEM,2026.6.24 2:43,SYSTEM,N,Y,0,811900,3,811900,1000,0,10,1,N
K120412606230004,가은방문요양센터,요양보호사 모집,재가 요양보호사(550102),시급,H,10320원 ~ 10320원,10320 ~ 10320,서울 영등포구,11560,주6일근무,학력무관,0,null,,관계없음,Z,기간의 정함이 없는 근로계약/ 파견근로 비희망/ 대체인력채용 비희망,1,"방문,이메일",2026.6.23,채용시까지  26-08-22,VALIDATION,https://www.work24.go.kr/wk/a/b/1500/empDetailAuthView.do?wantedAuthNo=K120412606230004&infoTypeCd=VALIDATION&infoTypeGroup=tb_workinfoworknet,7275,1.16E+11,서울특별시 영등포구 영등포로 17,101동,0,0,1098020004,2026.6.24 2:43,SYSTEM,2026.6.24 2:43,SYSTEM,N,Y,0,550102,1,550102,1100,0,10,1,Y
K131522606230002,삼우공영주식회사,[삼우공영] 구내식당 조리사 모집,사업체 구내식당 급식 조리사(531804),시급,H,10320원 ~ 11800원,10320 ~ 11800,경남 거제시,48310,주5일근무,학력무관,0,null,,관계없음,Z,기간의 정함이 없는 근로계약/ 파견근로 비희망/ 대체인력채용 비희망,2,고용24,2026.6.23,2026.7.12,VALIDATION,https://www.work24.go.kr/wk/a/b/1500/empDetailAuthView.do?wantedAuthNo=K131522606230002&infoTypeCd=VALIDATION&infoTypeGroup=tb_workinfoworknet,53263,4.83E+11,경상남도 거제시 장평3로 75,삼성중공업 내 사원식당,0,0,6128107988,2026.6.24 2:43,SYSTEM,2026.6.24 2:43,SYSTEM,N,Y,0,531804,1,531804,1000,0,10,1,N
K152312606230001,세바노인복지센터,조리원 채용,기타 조리사(531900),월급,M,238만원,238,강원 강릉시,51150,주6일근무,학력무관,0,null,,관계없음,Z,기간의 정함이 없는 근로계약/ 파견근로 비희망/ 대체인력채용 비희망,1,"방문,우편,팩스,고용24,이메일",2026.6.23,채용시까지  26-08-22,VALIDATION,https://www.work24.go.kr/wk/a/b/1500/empDetailAuthView.do?wantedAuthNo=K152312606230001&infoTypeCd=VALIDATION&infoTypeGroup=tb_workinfoworknet,25604,5.12E+11,강원특별자치도 강릉시 남부로17번길 23,2층,0,0,6418002252,2026.6.24 2:43,SYSTEM,2026.6.24 2:43,SYSTEM,N,Y,0,531900,1,531900,,0,10,1,N
K140052606230001,(주)웅진팩,웅진팩 - 생산직 사원 모집,기타 제조 관련 단순 종사원(890000),월급,M,230만원,230,경북 칠곡군,47850,주5일근무,학력무관,0,null,,관계없음,Z,기간의 정함이 없는 근로계약/ 파견근로 비희망/ 대체인력채용 비희망,1,"방문,팩스,고용24,기타(이메일: wj9632@hanmail.net)",2026.6.23,2026.7.7,VALIDATION,https://www.work24.go.kr/wk/a/b/1500/empDetailAuthView.do?wantedAuthNo=K140052606230001&infoTypeCd=VALIDATION&infoTypeGroup=tb_workinfoworknet,39831,4.79E+11,경상북도 칠곡군 석적읍 3공단3로 18,,0,0,5138145050,2026.6.24 2:43,SYSTEM,2026.6.24 2:43,SYSTEM,N,Y,0,890000,1,890000,1000,0,10,1,N
K162212606230002,（주）달성,※ 용접사(경력직) 모집,"전기용접원(아크,알곤,티그용접원)(824102)",연봉,Y,4800만원,4800,전남 순천시,46150,주5일근무,학력무관,0,null,,경력,E,기간의 정함이 없는 근로계약/ 파견근로 비희망/ 대체인력채용 비희망,2,"우편,고용24",2026.6.23,채용시까지  26-08-22,VALIDATION,https://www.work24.go.kr/wk/a/b/1500/empDetailAuthView.do?wantedAuthNo=K162212606230002&infoTypeCd=VALIDATION&infoTypeGroup=tb_workinfoworknet,58035,4.62E+11,전라남도 순천시 해룡면 율촌산단3로 28,(신성리),0,0,4168110094,2026.6.24 2:43,SYSTEM,2026.6.24 2:43,SYSTEM,N,Y,0,824102,3,824102,1000,0,10,1,N
K172112606230005,주식회사 지앤,(천안근무) 자동차부품 개발 직무 신입 및 경력자...,고무·플라스틱 기술자 및 연구원(154102),연봉,Y,3500만원,3500,충남 천안시 서북구,44133,주5일근무,고졸,3,대졸(4년),5,관계없음,Z,기간의 정함이 없는 근로계약/ 파견근로 비희망/ 대체인력채용 비희망,1,고용24,2026.6.23,2026.7.11,VALIDATION,https://www.work24.go.kr/wk/a/b/1500/empDetailAuthView.do?wantedAuthNo=K172112606230005&infoTypeCd=VALIDATION&infoTypeGroup=tb_workinfoworknet,31028,4.41E+11,충청남도 천안시 서북구 직산읍 금곡로 52-24,,0,0,1288127441,2026.6.24 2:43,SYSTEM,2026.6.24 2:43,SYSTEM,N,Y,0,154102,1,154102,1000,3,10,1,N
K162212606230003,보트팩토리 주식회사,"알루미늄보트 제작 용접,제작원 구인",용접원(824100),월급,M,270만원 ~ 400만원,270 ~ 400,전남 순천시,46150,주5일근무,학력무관,0,null,,관계없음,Z,기간의 정함이 없는 근로계약/ 파견근로 비희망/ 대체인력채용 비희망,1,고용24,2026.6.23,2026.7.10,VALIDATION,https://www.work24.go.kr/wk/a/b/1500/empDetailAuthView.do?wantedAuthNo=K162212606230003&infoTypeCd=VALIDATION&infoTypeGroup=tb_workinfoworknet,58023,4.62E+11,전라남도 순천시 해룡산단6로 80,,0,0,5618702668,2026.6.24 2:43,SYSTEM,2026.6.24 2:43,SYSTEM,N,Y,0,824100,1,824100,1000,0,10,1,N
KEC0262606230001,주식회사게스,[주식회사 게스] 평택삼성 안전감시단(생명지킴이)...,건축안전·환경·품질·에너지관리 기술자(140206),연봉,Y,3960만원,3960,경기 평택시,41220,주6일근무,학력무관,0,null,,관계없음,Z,기간의 정함이 있는 근로계약11 개월/ 계약기간 만료 후 상용직전환검토/ 파견근로 비희망/ 대체인력채용 비희망,50,"방문,우편,고용24",2026.6.23,채용시까지  26-08-21,VALIDATION,https://www.work24.go.kr/wk/a/b/1500/empDetailAuthView.do?wantedAuthNo=KEC0262606230001&infoTypeCd=VALIDATION&infoTypeGroup=tb_workinfoworknet,17786,4.12E+11,경기도 평택시 삼성로 114,P4 현장,0,0,7638701251,2026.6.24 2:43,SYSTEM,2026.6.24 2:43,SYSTEM,N,Y,0,140206,1,140206,4122,0,20,2,Y
K120312606230004,(A)+연세재가복지센터,역촌동  2등급 여 13:00-17:00  4시간...,재가 요양보호사(550102),시급,H,10320원 ~ 10320원,10320 ~ 10320,서울 은평구,11380,주6일근무,학력무관,0,null,,관계없음,Z,기간의 정함이 있는 근로계약(시간(선택)제)12 개월/ 파견근로 비희망/ 대체인력채용 비희망,1,"방문,고용24",2026.6.23,채용시까지  26-08-21,VALIDATION,https://www.work24.go.kr/wk/a/b/1500/empDetailAuthView.do?wantedAuthNo=K120312606230004&infoTypeCd=VALIDATION&infoTypeGroup=tb_workinfoworknet,3403,1.14E+11,서울특별시 은평구 진흥로7나길 11-1,11월 1일,0,0,1109190490,2026.6.24 2:43,SYSTEM,2026.6.24 2:43,SYSTEM,N,Y,0,550102,1,550102,1100,0,21,2,Y
K180012606230001,더편한방문간호요양센터,동탄예당마을에서 요양보호사님 구인합니다,재가 요양보호사(550102),시급,H,10320원 ~ 10320원,10320 ~ 10320,경기도 화성시 동탄구,41597,주5일근무,학력무관,0,null,,관계없음,Z,기간의 정함이 없는 근로계약/ 파견근로 비희망/ 대체인력채용 비희망,1,방문,2026.6.23,2026.7.7,VALIDATION,https://www.work24.go.kr/wk/a/b/1500/empDetailAuthView.do?wantedAuthNo=K180012606230001&infoTypeCd=VALIDATION&infoTypeGroup=tb_workinfoworknet,18447,4.16E+11,경기도 화성시 동탄구 동탄반석로 231,150,0,0,8308002134,2026.6.24 2:43,SYSTEM,2026.6.24 2:43,SYSTEM,N,Y,0,550102,1,550102,,0,10,1,Y
K172112606230006,주식회사 지앤,사출 현장관리(주/야) 조-반장급 경력자 모집(천...,기타 비금속제품 관련 생산기 조작원(826900),시급,H,11000원,11000,충남 천안시 서북구,44133,주5일근무,학력무관,0,null,,경력,E,기간의 정함이 없는 근로계약/ 파견근로 비희망/ 대체인력채용 비희망,2,"고용24,기타(*지원을 희망하시는 분은 워크넷에 구직등록 후 [워크넷입사지원]바랍니다)",2026.6.23,2026.7.11,VALIDATION,https://www.work24.go.kr/wk/a/b/1500/empDetailAuthView.do?wantedAuthNo=K172112606230006&infoTypeCd=VALIDATION&infoTypeGroup=tb_workinfoworknet,31028,4.41E+11,충청남도 천안시 서북구 금곡로 52-24,,0,0,1288127441,2026.6.24 2:43,SYSTEM,2026.6.24 2:43,SYSTEM,N,Y,0,826900,3,826900,1000,0,10,1,N
K152122606230003,아난티펜트하우스서울,[중장년시니어인턴십]아난티 코드(가평) 밑반찬 제...,김치 및 밑반찬 제조 종사원(872200),시급,H,10320원 ~ 10320원,10320 ~ 10320,경기 가평군,41820,주5일근무,학력무관,0,null,,관계없음,Z,기간의 정함이 있는 근로계약9 개월/ 파견근로 비희망/ 대체인력채용 비희망,2,"팩스,고용24,이메일",2026.6.23,채용시까지  26-08-21,VALIDATION,https://www.work24.go.kr/wk/a/b/1500/empDetailAuthView.do?wantedAuthNo=K152122606230003&infoTypeCd=VALIDATION&infoTypeGroup=tb_workinfoworknet,12472,4.18E+11,경기도 가평군 설악면 유명로 1007-90,아난티 펜트하우스 서울,0,0,6718500186,2026.6.24 2:43,SYSTEM,2026.6.24 2:43,SYSTEM,N,Y,0,872200,1,872200,4182,0,20,2,Y
K180612606230001,주식회사현성,로더(로우더) 성실히 일하실 분 구합니다,로더 운전원(페이로더 운전원)(704002),월급,M,260만원,260,충남 당진시,44270,주6일근무,학력무관,0,null,,경력,E,기간의 정함이 있는 근로계약3 개월/ 계약기간 만료 후 상용직전환검토/ 파견근로 비희망/ 대체인력채용 비희망,3,"방문,고용24",2026.6.23,채용시까지  26-08-21,VALIDATION,https://www.work24.go.kr/wk/a/b/1500/empDetailAuthView.do?wantedAuthNo=K180612606230001&infoTypeCd=VALIDATION&infoTypeGroup=tb_workinfoworknet,31750,4.43E+11,충청남도 당진시 당진항만로 151,평택당진중앙부두 (서부두 제1게이트정문),0,0,2678801333,2026.6.24 2:43,SYSTEM,2026.6.24 2:43,SYSTEM,N,Y,0,704002,3,704002,1000,0,20,2,N
K171112606230008,(주)동화,제품 배송직,배송·납품 운전원(납품영업 포함)(624102),월급,M,300만원 ~ 300만원,300 ~ 300,충북 청주시 흥덕구,43113,주5일근무,학력무관,0,null,,관계없음,Z,기간의 정함이 있는 근로계약3 개월/ 계약기간 만료 후 상용직전환검토/ 파견근로 비희망/ 대체인력채용 비희망,1,"방문,우편,팩스,고용24",2026.6.23,채용시까지  26-08-22,VALIDATION,https://www.work24.go.kr/wk/a/b/1500/empDetailAuthView.do?wantedAuthNo=K171112606230008&infoTypeCd=VALIDATION&infoTypeGroup=tb_workinfoworknet,28438,4.31E+11,충청북도 청주시 흥덕구 월명로201번길 31,,0,0,3158104208,2026.6.24 2:43,SYSTEM,2026.6.24 2:43,SYSTEM,N,Y,0,624102,1,624102,1000,0,20,2,N
K180522606230002,(주)엔.티.에스,금속(판금)절곡오퍼레이터 모집,금속절곡기 조작원(밴딩기 조작원)(813209),연봉,Y,4300만원,4300,경기 시흥시,41390,주5일근무,학력무관,0,null,,관계없음,Z,기간의 정함이 없는 근로계약/ 파견근로 비희망/ 대체인력채용 비희망,1,"고용24,이메일",2026.6.23,2026.7.2,VALIDATION,https://www.work24.go.kr/wk/a/b/1500/empDetailAuthView.do?wantedAuthNo=K180522606230002&infoTypeCd=VALIDATION&infoTypeGroup=tb_workinfoworknet,14942,4.14E+11,경기도 시흥시 매화로116번길 12-1,(도창동),0,0,1348158425,2026.6.24 2:43,SYSTEM,2026.6.24 2:43,SYSTEM,N,Y,0,813209,1,813209,4139,0,10,1,Y
K180362606230001,주식회사 아이제이캐스트,알루미늄 주조생산/ 기계조작원 모집,기타 제조 관련 단순 종사원(890000),월급,M,250만원,250,경기 여주시,41670,주5일근무,학력무관,0,null,,관계없음,Z,기간의 정함이 없는 근로계약/ 파견근로 비희망/ 대체인력채용 비희망,3,"팩스,이메일",2026.6.23,채용시까지  26-08-21,VALIDATION,https://www.work24.go.kr/wk/a/b/1500/empDetailAuthView.do?wantedAuthNo=K180362606230001&infoTypeCd=VALIDATION&infoTypeGroup=tb_workinfoworknet,12659,4.17E+11,경기도 여주시 점봉길 58 0,아이제이캐스트,0,0,7178102503,2026.6.24 2:43,SYSTEM,2026.6.24 2:43,SYSTEM,N,Y,0,890000,1,890000,4167,0,10,1,Y
K180522606230003,(주)엔.티.에스,생산직(후가공) 사원 모집,금속가공 기계 조작원(821200),연봉,Y,3000만원,3000,경기 시흥시,41390,주5일근무,학력무관,0,null,,관계없음,Z,기간의 정함이 없는 근로계약/ 파견근로 비희망/ 대체인력채용 비희망,1,"고용24,이메일",2026.6.23,채용시까지  26-07-31,VALIDATION,https://www.work24.go.kr/wk/a/b/1500/empDetailAuthView.do?wantedAuthNo=K180522606230003&infoTypeCd=VALIDATION&infoTypeGroup=tb_workinfoworknet,14942,4.14E+11,경기도 시흥시 매화로116번길 12-1,(도창동),0,0,1348158425,2026.6.24 2:43,SYSTEM,2026.6.24 2:43,SYSTEM,N,Y,0,821200,1,821200,4139,0,10,1,Y
K152412606230003,사랑재가센터,학성동 방문요양보호사 구인,재가 요양보호사(550102),시급,H,10320원 ~ 10320원,10320 ~ 10320,강원 원주시,51130,,학력무관,0,null,,관계없음,Z,기간의 정함이 없는 근로계약(시간(선택)제)/ 파견근로 비희망/ 대체인력채용 비희망,1,"방문,고용24",2026.6.23,2026.7.13,VALIDATION,https://www.work24.go.kr/wk/a/b/1500/empDetailAuthView.do?wantedAuthNo=K152412606230003&infoTypeCd=VALIDATION&infoTypeGroup=tb_workinfoworknet,26412,5.11E+11,강원특별자치도 원주시 원문로 63,인근,0,0,2248025104,2026.6.24 2:43,SYSTEM,2026.6.24 2:43,SYSTEM,N,Y,0,550102,1,550102,,0,11,1,N
KF11192606230001,풍성한 재가복지센터,[중화산동 신일아파트] 재가요양보호사 구인,재가 요양보호사(550102),시급,H,10320원 ~ 10320원,10320 ~ 10320,전북 전주시 완산구,52111,주6일근무,학력무관,0,null,,관계없음,Z,기간의 정함이 없는 근로계약(시간(선택)제)/ 파견근로 비희망/ 대체인력채용 비희망,1,"방문,팩스",2026.6.23,채용시까지  26-07-22,VALIDATION,https://www.work24.go.kr/wk/a/b/1500/empDetailAuthView.do?wantedAuthNo=KF11192606230001&infoTypeCd=VALIDATION&infoTypeGroup=tb_workinfoworknet,55046,5.21E+11,전북특별자치도 전주시 완산구 서원로 386,,0,0,2858002902,2026.6.24 2:43,SYSTEM,2026.6.24 2:43,SYSTEM,N,Y,0,550102,1,550102,,0,11,1,N
K161232606230001,돌봄재가복지센터,모현동 아파트 독거 여자어르신과 함께하실 요양보호...,재가 요양보호사(550102),시급,H,10320원,10320,전북 익산시,52140,주5일근무,학력무관,0,null,,관계없음,Z,기간의 정함이 없는 근로계약(시간(선택)제)/ 파견근로 비희망/ 대체인력채용 비희망,1,고용24,2026.6.23,2026.7.7,VALIDATION,https://www.work24.go.kr/wk/a/b/1500/empDetailAuthView.do?wantedAuthNo=K161232606230001&infoTypeCd=VALIDATION&infoTypeGroup=tb_workinfoworknet,54655,5.21E+11,전북특별자치도 익산시 선화로13길 72,,0,0,1158003640,2026.6.24 2:43,SYSTEM,2026.6.24 2:43,SYSTEM,N,Y,0,550102,1,550102,,0,11,1,N
K180362606230002,주식회사 누구나금강,냉난방설치관련 부품 생산,기타 제조 관련 단순 종사원(890000),시급,H,10320원 ~ 10320원,10320 ~ 10320,경기 여주시,41670,주5일근무,학력무관,0,null,,신입,N,기간의 정함이 없는 근로계약/ 파견근로 비희망/ 대체인력채용 비희망,3,방문,2026.6.23,채용시까지  26-08-22,VALIDATION,https://www.work24.go.kr/wk/a/b/1500/empDetailAuthView.do?wantedAuthNo=K180362606230002&infoTypeCd=VALIDATION&infoTypeGroup=tb_workinfoworknet,12641,4.17E+11,경기도 여주시 세종대왕면 능서공원길 14,,0,0,5288702040,2026.6.24 2:43,SYSTEM,2026.6.24 2:43,SYSTEM,N,Y,0,890000,2,890000,4167,0,10,1,Y
K130232606230001,（주）농심,라면 과자 단순 생산직 모집(2교대),식품 분야 단순 종사원(890006),연봉,Y,3800만원,3800,부산 사상구,26530,주5일근무,고졸,3,대졸(4년),5,관계없음,Z,기간의 정함이 없는 근로계약/ 파견근로 비희망/ 대체인력채용 비희망,13,"이메일,기타(* 이메일 제목: [(주)농심 부산공장 생산직 지원] 이름 OOO 입력 후 전송 바랍니다.(휴대폰 번호 기재 필수)* 서류 합격자에 한해 면접 일정 개별 통보 예정)",2026.6.23,2026.7.7,VALIDATION,https://www.work24.go.kr/wk/a/b/1500/empDetailAuthView.do?wantedAuthNo=K130232606230001&infoTypeCd=VALIDATION&infoTypeGroup=tb_workinfoworknet,46922,2.65E+11,부산광역시 사상구 사상로455번길 46,(주)농심 부산공장,0,0,1188103914,2026.6.24 2:43,SYSTEM,2026.6.24 2:43,SYSTEM,N,Y,0,890006,1,890006,1000,3,10,1,N
K180012606230002,선재재활전문요양원,[ 정자동] 4등급 할머니 재가요양보호사 모집,재가 요양보호사(550102),시급,H,10320원 ~ 10320원,10320 ~ 10320,경기 수원시 장안구,41111,,학력무관,0,null,,관계없음,Z,기간의 정함이 없는 근로계약(시간(선택)제)/ 파견근로 비희망/ 대체인력채용 비희망,1,방문,2026.6.23,채용시까지  26-08-21,VALIDATION,https://www.work24.go.kr/wk/a/b/1500/empDetailAuthView.do?wantedAuthNo=K180012606230002&infoTypeCd=VALIDATION&infoTypeGroup=tb_workinfoworknet,16328,4.11E+11,경기도 수원시 장안구 천천로74번길 92,826동,0,0,1248037969,2026.6.24 2:43,SYSTEM,2026.6.24 2:43,SYSTEM,N,Y,0,550102,1,550102,4111,0,11,1,Y